select '';


insert into STATUS_ENTITY (id, created_at, name) values ('2D1EBC5B7D2741979CF0E84451C5BBB1', CURRENT_TIMESTAMP(), 'created');
insert into STATUS_ENTITY (id, created_at, name) values ('2D1EBC5B7D2741979CF0E84451C5BBB2', CURRENT_TIMESTAMP(), 'completed');

insert into ITEM_ENTITY (id, created_at, due_date, title)
values ('2D1ECC5B7D2741979CF0E84451C5BBB1', CURRENT_TIMESTAMP(), DATEADD(month,1,CURRENT_TIMESTAMP), 'todo item 1');
insert into ITEM_ENTITY (id, created_at, due_date, title)
values ('2D1ECC5B7D2741979CF0E84451C5BBB2', CURRENT_TIMESTAMP(), DATEADD(month,1,CURRENT_TIMESTAMP), 'todo item 2');
insert into ITEM_ENTITY (id, created_at, due_date, title)
values ('2D1ECC5B7D2741979CF0E84451C5BBB3', CURRENT_TIMESTAMP(), DATEADD(month,1,CURRENT_TIMESTAMP), 'todo item 3');
insert into ITEM_ENTITY (id, created_at, due_date, title)
values ('2D1ECC5B7D2741979CF0E84451C5BBB4', CURRENT_TIMESTAMP(), DATEADD(month,1,CURRENT_TIMESTAMP), 'todo item 4');
insert into ITEM_ENTITY (id, created_at, due_date, title)
values ('2D1ECC5B7D2741979CF0E84451C5BBB5', CURRENT_TIMESTAMP(), DATEADD(month,1,CURRENT_TIMESTAMP), 'todo item 5');
insert into ITEM_ENTITY (id, created_at, due_date, title)
values ('2D1ECC5B7D2741979CF0E84451C5BBB6', CURRENT_TIMESTAMP(), DATEADD(month,1,CURRENT_TIMESTAMP), 'todo item 6');

insert into STATUS_ENTRY_ENTITY (item_entity_id, status_entity_id, created_at) values ('2D1ECC5B7D2741979CF0E84451C5BBB1', '2D1EBC5B7D2741979CF0E84451C5BBB1', CURRENT_TIMESTAMP());
insert into STATUS_ENTRY_ENTITY ( item_entity_id, status_entity_id, created_at) values ('2D1ECC5B7D2741979CF0E84451C5BBB1', '2D1EBC5B7D2741979CF0E84451C5BBB2', CURRENT_TIMESTAMP());
insert into STATUS_ENTRY_ENTITY ( item_entity_id, status_entity_id, created_at) values ('2D1ECC5B7D2741979CF0E84451C5BBB2', '2D1EBC5B7D2741979CF0E84451C5BBB1', CURRENT_TIMESTAMP());
insert into STATUS_ENTRY_ENTITY ( item_entity_id, status_entity_id, created_at) values ('2D1ECC5B7D2741979CF0E84451C5BBB3', '2D1EBC5B7D2741979CF0E84451C5BBB1', CURRENT_TIMESTAMP());
insert into STATUS_ENTRY_ENTITY ( item_entity_id, status_entity_id, created_at) values ('2D1ECC5B7D2741979CF0E84451C5BBB4', '2D1EBC5B7D2741979CF0E84451C5BBB2', CURRENT_TIMESTAMP());
insert into STATUS_ENTRY_ENTITY ( item_entity_id, status_entity_id, created_at) values ('2D1ECC5B7D2741979CF0E84451C5BBB5', '2D1EBC5B7D2741979CF0E84451C5BBB1', CURRENT_TIMESTAMP());
insert into STATUS_ENTRY_ENTITY ( item_entity_id, status_entity_id, created_at) values ('2D1ECC5B7D2741979CF0E84451C5BBB6', '2D1EBC5B7D2741979CF0E84451C5BBB1', CURRENT_TIMESTAMP());